New,Delete,Modified,Done,Future,Group,OriginalLessonName,ID,NewLessonName,PrimaryWordList,SupplementalWordList,Prefix,Vowel,Suffix,StretchList,Fluency
TRUE,FALSE,FALSE,FALSE,FALSE,Letters,,vowels,Vowels,"a,e,i,o,u","A,E,I,O,U","a,e,i,o,u",,,"A/a,E/e,I/i,O/o,U/u","a e i o u i o a e a u,o i u e a i o u a e o,i e o a u i e a o u i"
TRUE,FALSE,FALSE,FALSE,FALSE,Letters,,upper,Consonants 1,"s,t,p,n,c,k,h,r,m,d,g","S,T,P,N,C,K,H,R,M,D,G","s,t,p,n,c,k,h,r,m,d,g",,,"S/s,T/t,P,p,N/n,C/c,K/k,H/h,R/r,M/m,D/d,G/g","s t p n c k h r m d g,p c n s h r d m g t k,g p m d r h k c t s n"
TRUE,FALSE,FALSE,FALSE,FALSE,Letters,,lower,Consonants 2,"l,f,b,q,j,z,w,v,y,x,ch,sh,th","L,F,B,Q,J,Z,W,V,Y,X,Ch,Sh,Th","l,f,b,q,j,z,w,v,y,x,ch,sh,th",,,"L/l,F/f,B/b,Q/q,J/j,Z/z,W/w,V/v,Y/y,X/x,Ch/ch,Sh/sh,Th/th","l f b q w v y x ch sh, j z th b w y v f l q,ch b f y x v sh l v z"
TRUE,FALSE,FALSE,FALSE,FALSE,Letters,,mixed ,Review,"a,b,c,d,e,f,g,h,i,j,k,l,m,n,o,p,q,r,s,t,u,v,w,x,y,z,sh,ch,th","A,B,C,D,E,F,G,H,I,J,K,L,M,N,O,P,Q,R,S,T,U,V,W,X,Y,Z","a,b,c,d,e,f,g,h,i,j,k,l,m,n,o,p,q,r,s,t,u,v,w,x,y,z,ch,sh,th",,,"s/l/t/a/f/e,p/b/i/n/q/sh,n/j/th/c/z/k,h/w/r/v/m/y,x/d/ch/o/g","af ab ag ap ad an, ep en ex et eg es,ib ig in it im ix,ob og on ot om ox,ut un up us ub ug "
FALSE,FALSE,FALSE,TRUE,FALSE,/a/,Fat Cat Sat  ,at,at ,"fat,cat,hat,sat,mat,pat,bat,rat,vat,tat",,"b,c,d,f,g,h,j,k,l,m,n,p,r,s,t,v,z",a,t,"b-a-t/b-at/bat,c-a-t/c-at/cat,f-a-t/f-at/fat,h-a-t/h-at/hat,l-a-t/l-at/lat,m-a-t/m-at/mat,p-a-t/p-at/pat,r-a-t/r-at/rat,s-a-t/s-at/sat,t-a-t/t-at/tat,v-a-t/v-at/vat",
FALSE,FALSE,FALSE,TRUE,FALSE,/a/,Cap Gap Tap,ap,ap,"cap,gap,lap,map,rap,sap,tap,yap,wap,zap",,"b,c,d,f,g,h,j,k,l,m,n,p,r,s,t,v,w,y,z",a,p,"cat/cap,lat/lap,mat/map,pat/pap,rat/rap,sat/sap,tat/tap",
FALSE,FALSE,FALSE,TRUE,FALSE,/a/,Cat + Cap,at+ap,at + ap,"fat,cat,hat,sat,mat,pat,bat,rat,vat,tat,cap,gap,lap,map,rap,sap,tap,yap,wap,zap",,"b,c,d,f,g,h,j,k,l,m,n,p,r,s,t,v,w,y,z",a,"t,p","cat/cap,lat/lap,mat/map,pat/pap,rat/rap,sat/sap,tat/tap",
FALSE,FALSE,FALSE,TRUE,FALSE,/a/,Bag Nag Tag,ag,ag,"bag,gag,hag,jag,lag,nag,rag,sag,tag,wag,zag",,"b,c,d,f,g,h,j,k,l,m,n,p,r,s,t,v,w,y,z",a,g,"gap/gag,lap/lag,nap/nag,rap/rag,sap/sag,tap/tag,zap/zag",
FALSE,FALSE,FALSE,TRUE,FALSE,/a/,Bat + Bag,at+ag,at + ag,"fat,cat,hat,sat,mat,pat,bat,rat,vat,bag,gag,hag,jag,lag,nag,rag,sag,tag,wag,zag",,"b,c,d,f,g,h,j,k,l,m,n,p,r,s,t,v,w,y,z",a,"t,g","bat/bag,hat/hag,lat/lag,mat/mag,rat/rag,sat/sag,tat/tag",
FALSE,FALSE,FALSE,TRUE,FALSE,/a/,"Fan Can Tan",an,an,"ban,can,Dan,fan,Jan,man,pan,ran,tan,van",,"b,c,d,f,g,h,j,k,l,m,n,p,r,s,t,v,w,y,z",a,n,"bat/ban,cat/can,fat/fan,lat/lan,mat/man,pat/pan,rat/ran,vat/van",
FALSE,FALSE,FALSE,FALSE,FALSE,/a/,Cat + Cap + Bag + Fan ,at+ap+ag+an,at + ap + ag + an,"fat,cat,hat,sat,mat,pat,bat,rat,vat,tat,cap,gap,lap,map,rap,sap,tap,yap,wap,zap,bag,gag,hag,jag,lag,nag,rag,sag,tag,wag,zag,ban,can,Dan,fan,Jan,man,pan,ran,tan,van",,"b,c,d,f,g,h,j,k,l,m,n,p,r,s,t,v,w,y,z",a,"t,p,g,n","bat/bag/ban,cat/cap/can,lag/lap/lan,mat/map/man,pap/pat/pan,rat/rag/ran,sat/sag/sap,tag/tap/tan",
FALSE,FALSE,TRUE,FALSE,FALSE,/a/,b-d-p for /a/ words, bdp_a , b-d-p for /a/ ,"bad,dad,dab,pad,pap",,"b,d,p",a,"b,d,p","b/b/d/b/d/d,d/d/b/d/b/d,d/b/b/d/d,p/d/b/p/b,b/b/d/p/p,d/d/b/d/b,b/d/p/p/b/,b/d/b/b/p,p/d/b/d/d,b/b/b/d/p,p/d/b/b/d",
FALSE,FALSE,FALSE,FALSE,FALSE,/a/,All Cat Words,a_review,/a/ review,"bam,Dan,fab,fad,fax,gab,gas,had,ham,has,jab,jam,lab,Dan,fab,fad,fax,gas,had,ham,has,jab,jam,lab,lag,lap,mad,man,map,max,nab,Pam,rad,ram,sad,Sam,tab,wax,yak,yam","fat,cat,hat,sat,mat,pat,bat,rat,vat,tat,cap,gap,lap,map,rap,sap,tap,yap,wap,zap,bag,gag,hag,jag,lag,nag,rag,sag,tag,wag,zag,ban,can,Dan,fan,Jan,man,pan,ran,tan,van,bad,dad,dab,pad,pap","b,c,d,f,g,h,j,k,l,m,n,p,r,s,t,v,w,y,z",a,"b,d,g,k,l,m,n,p,s,t,x","bat,bad/bam,fat/fad/fax,lass/lad/lag,rad/rag/ram,cam/cat/cap,hat/has/ham,jag/jam/jab,pan/pad/pal,tab/tad/tax,mad/max/man,sad/sax/Sam,gab/gal/gas",
FALSE,FALSE,FALSE,FALSE,FALSE,/i/,Bit Pit Sit,it,it,"it,bit,fit,hit,kit,lit,mitt,pit,sit,wit,zit",,"b,c,d,f,g,h,j,k,l,m,n,p,r,s,t,v,w,y,z","a,i",t,"b-i-t/bit,f-i-t/fit,h-i-t/hit,k-i-t/kit,l-i-t/lit,p-i-t/pit,s-i-t/sit,w-i-t/wit,z-i-t/zit",
FALSE,FALSE,FALSE,FALSE,FALSE,/i/,Bat + Bit,at+it,at + it,"it,bit,fit,hit,kit,lit,mitt,pit,sit,wit,zit,fat,cat,hat,sat,mat,pat,bat,rat,vat,tat",,"b,c,d,f,g,h,j,k,l,m,n,p,r,s,t,v,w,y,z","a,i",t,"at/it,bat/bit,cat/kit,fat/fit,hat/hit,lat/lit,mat/mitt,pat/pit,sat/sit",
FALSE,FALSE,FALSE,FALSE,FALSE,/i/,Big Dig Fig,ig,ig,"big,dig,fig,gig,jig,pig,rig,wig,zig",,"b,c,d,f,g,h,j,k,l,m,n,p,r,s,t,v,w,y,z",i,g,"b-i-g/big,d-i-g/dig,f-i-g/fig,g-i-g/gig,j-i-g/jig,p-i-g/pig,r-i-g/rig,w-i-g/wig/z-i-g/zig",
FALSE,FALSE,FALSE,FALSE,FALSE,/i/,Bag + Big,ag+ig,ag + ig,"bag,hag,jag,lag,nag,rag,sag,tag,wag,big,dig,fig,gig,jig,pig,rig,wig,zig",,"b,c,d,f,g,h,j,k,l,m,n,p,r,s,t,v,w,y,z","a,i",g,"bag/big,gag/gig,jag/jig,rag/rig,wag/wig,zag/zig",
FALSE,FALSE,FALSE,FALSE,FALSE,/i/,Bit + Big,it+ig+ip+in,it + ig + ip + in,"big,dig,fig,gig,jig,pig,rig,wig,zig,bit,fit,hit,kit,pit,sit,wit,zit,dip,hip,lip,nip,rip,sip,tip,yip,zip,bin,din,fin,gin,kin,pin,sin,tin,win",,"b,c,d,f,g,h,j,k,l,m,n,p,r,s,t,v,w,y,z",i,"g,n,p,t","bit/big/bin,fit/fig/fin,pit/pig/pin,wit/wig/win,dig/dip/din,sit/sip/sin,kit/kip/kin",
FALSE,FALSE,FALSE,FALSE,FALSE,/i/,Contrast /a/ + /i/, a+i , /a/ + /i/ ,"bid,did,fib,nib,hid,lid,mid,rid,him,Jim,Kim,rim,bin,din,fin,kin,min,pin,tin,vin,lip,nip,pip,rip,sip,tip,yip,zip,sis,his","fab,jab,nab,had,lad,mad,rad,pal,gal,Hal,ham,jam,Cam,ram,ban,Dan,fan,can,man,pan,tan,van,lap,nap,pap,rap,sap,tap,yap,zap,has,bad,dad","b,c,d,f,g,h,j,k,l,m,n,p,r,s,t,v,w,y,z","a,i","b,d,g,k,l,m,n,p,s,t,x","nap/nip,sap/sip,jag/jig,rag/rig,gag/gig,tap/tip,rap/rip,wag/wig,lap/lip,fat/fit,pat/pit,sat/sit,hat/hit",
FALSE,FALSE,TRUE,FALSE,FALSE,/i/,b-d-p for /a/ and /i/ words, bdp_i , b-d-p for /i/ ,"bib,dib,did,bid,pap,bad,pad,dad,bad",,"b,d,p","a,i","b,d,p","b/b/d/b/d/d,d/d/b/d/b/d,d/b/b/d/d,p/d/b/p/b,b/b/d/p/p,d/d/b/d/b,b/d/p/p/b/,b/d/b/b/p,p/d/b/d/d,b/b/b/d/p,p/d/b/b/d",
FALSE,FALSE,FALSE,FALSE,FALSE,/i/,All Bit Words,i_review,/i/ review,"bin,din,dim,dip,fib,fin,fix,him,hip,his,Jim,kid,lid,lip,mid,mix,nip,pin,rib,rid,rim,rip,sin,sip,sis,six,Tim,tin,tip,wiz,yip,zip","bib,bid,big,bit,dib,did,dig,fig,fit,gig,hit,jig,kit,mitt,pit,pig,rig,sit,wit,wig,zig,zit,bat,bag,bad,dab,dad,Dan,fab,fad,fan,fat,fax,gab,gag,gap,gas,had,ham,hat,has,jab,jag,jam,jazz,lab,lag,lap,mad,man,map,mat,max,nab,nag,nap,pad,Pam,pan,pat,ram,ran,rap,rat,sad,sag,Sam,sat,tab,tag,tan,tap,van,vat,wag,wax,yap,zap","b,c,d,f,g,h,j,k,l,m,n,p,r,s,t,v,w,y,z","a,i","b,d,g,k,l,m,n,p,s,t,x","ban/bin,rad/rid,fan/fin,has/his,rad/rid,tan/tin,fax/fix,ham/him,sax/six,had/hid,dad/did",
FALSE,FALSE,FALSE,FALSE,FALSE,/o/,Cot Dot Jot,ot,ot,"bot,cot,dot,got,hot,jot,lot,not,pot,rot,tot",,"b,c,d,f,g,h,j,k,l,m,n,p,r,s,t,v,w,y,z",o,t,"cat/cot,bat/bot,hat/hot,lat/lot,pat/pot,rat/rot,tat/tot",
FALSE,FALSE,FALSE,FALSE,FALSE,/o/,Cot + Cog + Cop,ot+og+op,ot + og + op,"bot,cot,dot,got,hot,jot,lot,not,pot,rot,tot,bog,cog,dog,fog,hog,jog,log,pog,bop,cop,hop,lop,mop,pop,sop,top",,"b,c,d,f,g,h,j,k,l,m,n,p,r,s,t,v,w,y,z",o,"g,p,t","bot/bog,dog/dog,cot/cop,jot/jog,hot/hop,lot/log,tot/top,pot/pog",
FALSE,FALSE,FALSE,FALSE,FALSE,/o/,Contrast /a/ + /i/ + /o/,a+i+o,/a/ + /i/ + /o/,"Bob,boss,box,cod,con,Don,fob,fox,gob,job,lob,mob,mod,mom,nod,non,pox,rob,rod,Ron,sob,sod,Tom","pod,pop,bad,dab,dad,Dan,fab,fad,fax,gab,gas,had,ham,has,jab,jam,lab,mad,man,max,nab,pad,Pam,ram,ran,sad,Sam,tab,wax,bib,bid,bin,dib,did,dim,fib,fin,fix,him,his,Jim,kid,lid,mid,mix,pin,rib,rid,rim,sid,sin,sis,six,Tim,tin,wiz","b,c,d,f,g,h,j,k,l,m,n,p,r,s,t,v,w,y,z","a,i,o","b,d,g,l,m,n,p,s,t,x","rad/rid/rod,bag/big/bog,hat/hit/hot,pat/pit/pot,mad/mid/mod,fab/fib/fob,jag/jig/jog,tap/tip/top,fax/fix/fox",
FALSE,FALSE,TRUE,FALSE,FALSE,/o/,b-d-p for Bat-Bit-Bot Words, bdp_o , b-d-p for /o/ ,"bob,pod,dob,pop,bop,bib,dib,bid,did,dip,pap,dad,dab,bad,pad",,"b,d,p","a,i,o","b,d,p","b/b/d/b/d/d,d/d/b/d/b/d,d/b/b/d/d,p/d/b/p/b,b/b/d/p/p,d/d/b/d/b,b/d/p/p/b/,b/d/b/b/p,p/d/b/d/d,b/b/b/d/p,p/d/b/b/d",
FALSE,FALSE,FALSE,FALSE,FALSE,/o/,All Cot Words,o_review,/o/ review,"Bob,bog,bop,box,dog,dot,fob,fog,fop,fox,gob,got,hog,hop,hot,job,jog,jot,lob,log,lot,mob,mod,mom,mop,nod,non,not,pod,pop,pot,pox,rob,rod,Ron,rot,sob,sod,sop,tom,top,tot","bat,bag,bad,bass,dab,dad,Dan,fab,fad,fan,fat,fax,gab,gag,gap,gas,had,ham,hat,has,jab,jag,jam,lab,lag,lap,mad,man,map,mat,max,nab,nag,nap,pad,Pam,pan,pat,ram,ran,rap,rat,sad,sag,Sam,sat,tab,tag,tam,tan,tap,van,vat,wag,wax,zap,bib,big,bid,bin,bit,dib,did,dig,din,dim,dip,fib,fin,fig,fill,fit,fix,fizz,gig,hid,him,hip,his,hip,jig,Jim,kid,kit,lid,lip,mid,mix,nip,nit,pill,pin,pit,pig,rib,rid,rig,rim,rip,sid,sin,sip,sis,sit,six,Tim,tin,tip,wig,wit,wiz,yip,zig,zip,zit,bib,big,bid,bin,bit,dib,did,dig,din,dim,dip,fib,fin,fig,fit,fix,gig,hid,him,hip,his,hit,jig,Jim,kid,kit,lid,lip,mid,mix,nip,nit,pin,pit,pig,rib,rid,rig,rim,rip,sid,sin,sip,sis,sit,six,Tim,tin,tip,wig,wit,wiz,yip,zig,zip,zit","b,c,d,f,g,h,j,k,l,m,n,p,r,s,t,v,w,y,z","a,i,o","b,d,g,k,l,m,n,p,s,t,x","mop/mob/mom,cot/con/cog,rot/rob/rod,jog/job/jot,log/lob/lot,hog/hot/hop,bod/bog/bop,dot/dog/don,fob/fox/fog",
FALSE,FALSE,TRUE,FALSE,FALSE,/u/,But Nut Rut,ut+ug+up+un,ut + ug + up + un,"but,cut,gut,hut,jut,nut,rut,tut,bug,dug,hug,jug,lug,mug,pug,rug,cup,pup,sup,yup","bat,cat,fat,hat,mat,pat,rat,sat,tat,bit,fit,hit,kit,pit,sit,wit,zit,bot,cot,dot,got,hot,jot,lot,not,pot,rot,tot,bag,gag,hag,jag,lag,nag,rag,sag,tag,wag,zag,big,dig,fig,gig,jig,pig,rig,wig,zig,bog,cog,dog,fog,hog,jog,log,pog","b,c,d,f,g,h,j,k,l,m,n,p,r,s,t,v,w,y,z","a,i,o,u","g,p,t","but/bug,hut/hug,jut/jug,rut/rug,tut/tug,cut/cup,put/pug",
FALSE,FALSE,FALSE,FALSE,FALSE,/u/,Contrast /a/ and /u/,u_a,/u/ + /a/,"bud,bus,bun,fun,pun,run,sun,dub,dud,hum,mud,mum,nub,nun,pus,pup,rum,sud","bad,bass,ban,dab,dad,ham,fab,fan,fad,fax,gab,gap,gas,had,ham,has,jab,jag,jam,lab,lat,lap,mad,man,map,max,nab,nap,pad,Pam,pan,ram,ran,rap,sad,Sam,tab,tan,tap,van,wax,yap,zap","b,c,d,f,g,h,j,k,l,m,n,p,r,s,t,v,w,y,z","a,i,o,u","b,d,g,k,l,m,n,p,s,t,x","bad/bud,dad/dud,fan/fun,tab/tub,Sam/sum,tax/tux,ran/run,dab/dub,ham/hum,mad/mud,yap/yup ",
FALSE,FALSE,FALSE,FALSE,FALSE,/u/,Contrast /i/ and /u/,u+i+o,/u/ + i/ + /o/,"bum,nub,rub,sub,Gus,bud,hub,bus,cup,cud,cub,pub,bus,rub,sud,sum,tub,tux","din,dim,dip,fin,fix,hid,him,hip,his,kid,lid,lip,mid,nit,pin,rib,rim,sid,sin,sip,sis,six,yip,bop,box,fop,fox,hop,job,lob,mob,mod,mom,mop,nod,non,not,pod,pop,pox,rob,rod,Ron,sob,sod","b,c,d,f,g,h,j,k,l,m,n,p,r,s,t,v,w,y,z","a,i,o,u","b,d,g,k,l,m,n,p,s,t,x","bit/bot/but,pit/pot/putt,jig/jog/jug,hit/hot/hut,bid/bod/bud,rib/rob/rub,nit/not/nut,pip/pop/pup",
FALSE,FALSE,TRUE,FALSE,FALSE,/u/,b-d-p for Bat-Bit-Bot-But Words,bdp_u,b-d-p for /u/      ,"bud,dub,dud,pub,pug,pup,Bob,pod,pop,bop,bib,dib,bid,did,dip,pap,dad,bab,dab,bad,pad",,"b,d,p","a,i,o,u","b,d,p","b/b/d/b/d/d,d/d/b/d/b/d,d/b/b/d/d,p/d/b/p/b,b/b/d/p/p,d/d/b/d/b,b/d/p/p/b/,b/d/b/b/p,p/d/b/d/d,b/b/b/d/p,p/d/b/b/d",
FALSE,FALSE,TRUE,FALSE,FALSE,/u/,All Bug Words,u_review,/u/ review,"bud,bug,bum,bun,but,bus,dub,dud,dug,fun,hub,hug,hut,hum,jug,jut,lug,mud,mug,mum,nub,nun,nut,pub,pug,pun,pup,pus,run,rug,rut,sub,sum,sun,sup,tub,tug,tut,tux","fat,cat,hat,sat,mat,pat,bat,rat,vat,cap,gap,lap,map,rap,sap,tap,zap,bag,hag,jag,lag,nag,rag,sag,tag,wag,bit,fit,hit,kit,mitt,pit,sit,wit,zit,big,dig,fig,jig,pig,rig,wig,zig,dip,hip,lip,nip,pip,rip,sip,zip,cot,dot,got,hot,jot,lot,not,pot,rot,tot,bog,cog,dog,fog,hog,jog,log,cop,fop,hop,lop,pop,top","b,c,d,f,g,h,j,k,l,m,n,p,r,s,t,v,w,y,z","a,i,o,u","b,d,g,k,l,m,n,p,s,t,x","bug/bog/bag/big,dug/dog/dag/dig,hut/hot/hat/hit,but/bot/bat/bit,bun/bon/ban/bin,cut/cot/cat/kit,jug/jog/jag/jig,cup/cop/cap/Kip,nut/not/Nat/nit",
FALSE,FALSE,TRUE,FALSE,FALSE,/e/,Bet Get Jet,et+eg+en,et + eg + en,"bet,get,jet,let,met,net,pet,set,vet,wet,beg,keg,leg,Meg,peg,Ben,den,fen,hen,Jen,Ken,men,ten,pen","bat,cat,fat,hat,mat,pat,rat,sat,tat,vat,bit,fit,hit,kit,lit,pit,sit,wit,zit,bot,cot,dot,got,hot,jot,lot,not,pot,rot,tot,but,cut,gut,hut,jut,nut,rut,tut,bug,dug,hug,jug,lug,mug,pug,rug,bag,gag,hag,jag,lag,nag,rag,sag,tag,wag,zag,big,dig,fig,gig,jig,pig,rig,wig,zig,bog,cog,dog,fog,hog,jog,log,pog","b,c,d,f,g,h,j,k,l,m,n,p,r,s,t,v,w,y,z","a,e,i,o,u","g,n,t","bet/beg,pet/pen,met/men,jet/Jen,pet/peg,bet/Ben,met/Meg,let/leg",
FALSE,TRUE,FALSE,FALSE,FALSE,/e/,Contrast /a/ and /e/,e+i+a,/e/ + /i/ + /a/,,"bad,fad,lad,mad,pad,rad,tad,gal,ham,pan,pap,rap,yap,bass,lid,mid,rid,big,pig,him,bin,din,fin,kin,pin,tin,pip,rip,yip,lit,,pit,wit,sit","b,c,d,f,g,h,j,k,l,m,n,p,r,s,t,v,w,y,z","a,e,i,o,u","b,d,g,k,l,m,n,p,s,t,x","bat/bit/bet,tan/tin/ten,rap/rip/rep,ham/him/hem,lat/lit/let,pat/pit/pet,ban/bin/Ben",
FALSE,FALSE,FALSE,FALSE,FALSE,/e/,Contrast /o/ and /e/,e_review,/e/ review,"Deb,Ned,Ted,den,pep,gem,gel,hem,pen,yep,hex,pep,bed,web,wed,Wes,yes,bed,fed,led,med,red,gel,Mel,hem,yep,rep,hex,Jed,ref,rep,yes","bad,fad,lad,mad,pad,rad,tad,gal,ham,pan,pap,rap,yap,bass,lid,mid,rid,big,pig,him,bin,din,fin,kin,pin,tin,pip,rip,yip,lit,,pit,wit,sit,dob,nod,don,pop,Jon,pod,bed,bod,med,mod,red,rod,beg,bog,leg,log,peg,pog,bot,bet,got,get,jot,jet,lot,let,not,net,pot,pet,gum,hum,pun,yup,pup,fun,bud,bun,pug,dub,mud,bug,lug,mug,bus,but,gut,jut,nut","b,c,d,f,g,h,j,k,l,m,n,p,r,s,t,v,w,y,z","a,e,i,o,u","b,d,g,k,l,m,n,p,s,t,x","pog/pug/peg,pop/pup/pep,jot/jut/jet,got/gut/get,bot/but/bet,not/nut/net,mod/mud/med",
FALSE,FALSE,TRUE,FALSE,FALSE,/e/,b-d-p Review,bdp_review,b-d-p for /e/,"bud,bug,bod,bad,bid,bed,bop,bog,bab,dub,dud,dug,dad,dab,did,dip,Deb,pad,pap,pip,pub,pup,pep",,"b,d,p","a,e,i,o,u","b,d,p","bad/bed,dad/dab,pad/bad,bid/dib,dab/dad,dub/dud,bud/dud,did/bid",
FALSE,FALSE,TRUE,FALSE,FALSE,/e/,Grand Review,grand_review,Grand Review,"bed,Ben,bet,beg,den,fed,fen,gem,gel,hen,hex,jet,led,leg,let,Meg,men,met,Ned,net,pen,peg,pet,set,ten,vet,web,wed,wet","bud,bug,bum,bun,but,bus,dub,dud,dug,dun,fun,hub,hug,hut,hum,jug,jut,lug,mud,mug,mum,nub,nun,nut,pub,pug,pun,pup,pus,run,rug,rut,sub,sum,sun,sup,tub,tug,tut,tux,bib,big,bid,bin,bit,dib,did,dig,din,dim,dip,fib,fin,fig,fit,fix,gig,hid,him,hip,his,hit,jib,jig,Jim,jip,kid,kit,lid,lip,mid,mix,nip,nit,pin,pit,pig,rib,rid,rig,rim,rip,sid,sin,sip,sis,sit,six,Tim,tin,tip,wig,wit,wiz,yip,zig,zip,zit,bat,bag,bad,dab,dad,Dan,fab,fad,fan,fat,fax,gab,gag,gap,gas,had,ham,hat,has,jab,jag,jam,lab,lag,lap,mad,man,map,mat,max,nab,nag,nap,pad,Pam,pan,pat,ram,ran,rap,rat,sad,sag,Sam,sat,tab,tag,tam,tan,tap,van,vat,wag,wax,zap,Bob,bog,bop,box,dog,dot,fob,fog,fop,fox,gob,got,hog,hop,hot,job,jog,jot,lob,log,lot,mob,mod,mom,mop,nod,non,not,pod,pop,pot,pox,rob,rod,Ron,rot,sob,sod,sop,tom,top,tot","b,c,d,f,g,h,j,k,l,m,n,p,r,s,t,v,w,y,z","a,e,i,o,u","b,d,g,k,l,m,n,p,s,t,x","bed/bod/bad/bid/bud,pet/pot/pat/pit/put,fed/fod/fad/fid/fud,med/mod/mad/mid/mud,let/lot/lat/lit/lut,bet/bot/bat/bit/but,beg/bog/bag/big/bug",
TRUE,FALSE,FALSE,FALSE,FALSE,CVC Wrap-up,,floss,FLOSS,"well,sell,tell,bell,buzz,mess,less,fuss,puff,ruff,riff,toss,loss,hiss,miss,fizz,fuzz,jazz,fill,hill,mill,will,doll,buzz,buff,bass,mass,pass,cuff,off,kiss,ball,fall,tall,wall","huff,Bess,Tess,gill,Jill,till,cuss,duff,Jill,Bill,Ross,diss,hall,mall,dill,sill,muff,bill,till,pill,lass,sass,fuss,moss,boss","b,c,d,f,g,h,j,k,l,m,n,p,r,s,t,v,w,y,z","a,e,i,o,u","ff,ll,ss,zz","well/sell/tell,hill/fill/pill,fall/ball/tall,bass/mass/pass,fuss/muss/cuss,kiss/miss/hiss,buff/cuff/muff,boss/moss/toss",Bill will toss the ball to Jill. Will she miss the ball and fall? No. Jill is tall. She will get the ball and pass it off to Bess.
FALSE,FALSE,TRUE,FALSE,FALSE,CVC Wrap-up,ck Endings ,ck_endings,-ck,"back,lack,pack,rack,sack,tack,yack,deck,kick,pick,sick,tick,wick,dock,hock,jock,lock,mock,rock,sock,duck,luck,tuck","Zack,hack,hick,bock,guck,muck,Jack,yack,suck","b,c,d,f,g,h,j,k,l,m,n,p,r,s,t,v,w,y,z","a,e,i,o,u",ck,"back/lack/sack,jock/lock/rock,pick/sick/tick,deck/peck/neck,luck/buck/duck,tack/rack/yack,hick/lick/wick,sock/dock/mock",
TRUE,FALSE,TRUE,FALSE,FALSE,CVC Wrap-up,,sh_th_ch,sh + th + ch,"bash,cash,dash,dish,fish,hush,mash,rash,rush,wish,bath,math,path,with,moth,ash,mash,shut,shop,chip,chat,chin,then,this,that   ","lush,posh,hath,Beth,hash,sham,chug,Josh,mesh,mush,moth,lash,chop,shot,thin","b,c,d,f,g,h,j,k,l,m,n,p,r,s,t,v,w,y,z,ch,sh,th","a,e,i,o,u","m,n,p,s,t,ch,sh,th","ca-sh/cash,da-sh/dash,di-sh/dish,wi-sh/wish,hu-sh/hush,mu-sh/mush,ma-th/math,pa-th/path,wi-th/with,sh-op/shop,ch-in/chin,ch-at/chat,th-is/this/th-at/that","The dish has a chip in it.,Beth can rush to the shop.,I wish we had cash for a dish and this fish."
TRUE,FALSE,FALSE,FALSE,FALSE,CVC Wrap-up,,s_endings,-s for cvc,"cats,rags,maps,fans,pans,rams,pigs,ribs,kids,hills,pins,wins,rims,sobs,logs,cops,pots,pets,nets,legs,rugs,hugs,pups,hums,begs,runs,bells,sells,socks,rocks,ducks,kicks,sacks","buds,bugs,huts,jugs,mugs,nuns,nuts,tubs,tugs,bibs,bids,bits,digs,dips,fins,fills,hips,hits,kits,lips,pills,pits,tips,wigs,zips,bats,bags,fads,fans,gaps,hams,hats,mats,pads,rams,rats,vans,dogs,dolls,dots,hogs,hops,jobs,mobs,mops,nods,rods,rots,tops,packs,racks,docks,locks,decks","b,c,d,f,g,h,j,k,l,m,n,p,r,s,t,v,w,y,z","a,e,i,o,u","bs,ds,gs,lls,ms,ns,ps,ts","bug/bugs,dig/digs,tip/tips,ham/hams,dot/dots,doll/dolls,top/tops,van/vans,dog/dogs,bat/bats,mug/mugs,pit/pits,hat/hats","The pigs are in the pens.,The dogs and cats are fun pets.,Tim hops on logs with the ducks. "
TRUE,FALSE,FALSE,FALSE,FALSE,CVC Wrap-up,,y_endings,-y for cvc,"happy,batty,buggy,sunny,funny,muggy,puppy,kitty,bunny,runny,bitty,witty,giddy,hippy,muddy,buddy,nutty,silly,putty,messy,missy,fuzzy,fizzy,mommy,daddy,penny,foggy,belly","saggy,baggy,puffy,jetty,peppy,dizzy,tizzy","b,c,d,f,g,h,j,k,l,m,n,p,r,s,t,v,w,y,z","a,e,i,o,u","ddy,ffy,ggy,lly,nny,ppy,ssy,tty,zzy","bat/batty,fun/funny,pup/puppy,dad/daddy,mom/mommy,fizz/fizzy,wit/witty,bud/buddy,mud/muddy,fog/foggy,mess/messy,sun/sunny,fuzz/fuzzy,hip/hippy,run/runny","Mommy and Daddy are mad.,Buddy the puppy is messy. ,He is in the mud., He is muddy. "
TRUE,FALSE,FALSE,FALSE,FALSE,CVC Wrap-up,,er_est_cvc,-er and -est for cvc,"bigger,biggest,fatter,fattest,hotter,hottest,sadder,saddest,dimmer,dimmest,wetter,wettest,seller,letter,better,robber,zipper,dinner,winner",,,,,"big/bigger/biggest,fat/fatter/fattest,sad/sadder/saddest,fit/fitter/fittest,dim/dimmer/dimmest,buff/buffer/buffest,mad/madder/maddest,wet/wetter/wettest","Jim is big., Sam is bigger. ,TIm had a better dinner.,He is the biggest."
TRUE,FALSE,FALSE,FALSE,FALSE,CVC Wrap-up,,ed_ing_cvc,-ed and -ing for cvc,"passed,passing,ripped,ripping,missed,missing,nodded,nodding,tossed,tossing,popped,popping,hugged,hugging,hummed,humming,messed,messing,petted,petting,tapped,tapping,robbed,robbing","hemmed,hemming,fitted,fitting,lapped,lapping,gagged,gagging,potted,potting,puffed,puffing,fussed,fussing,bagged,bagging",,,,"rob/robbed/robbing,pass/passed/passing,mess/messed/messing,miss/missed/missing,toss/tossed/tossing,tap/tapped/tapping,rip/ripped/ripping,pet/petted/petting,pop/popped/popping","The silly puppy ripped the rug. ,He was missing Jan., Jan petted him and hugged him."
TRUE,FALSE,FALSE,FALSE,FALSE,CVC Wrap-up,,cvc_syllables,cvc syllables,"sunset,kitten,hidden,bedbug,basket,picnic,helmet,mitten,cactus,napkin,pencil,tennis,magnet,cannot,fabric,mascot,velvet,submit,muffin","combat,goblet,musket,catnip,hubcap,mitten,pigpen,happen,nutmeg",,,,"sun-set/sunset,kit-ten/kitten,bak-ket/basket,pic-nic/picnic,fab-ric/fabric,mag-net/magnet,nap-kin/napkin,hel-met/helmet,sub-mit/submit,cac-tus/cactus,ten-nis/tennis,muf-fin/muffin","Rabbit and kitten went on a picnic. A bug is in the basket., It is hidden by the fabric napkin. "
FALSE,FALSE,FALSE,FALSE,FALSE,Simple Magic e,a_e spelling of /ay/ spinner,a_e,a_e,"hate,mate,wade,tame,tape,fade,made,pane,rage,vane,bake,bale,cage,cake,came,daze,date,fade,fame,fate,game,gate,case,gape","haze,lake,late,male,mane,maze,page,pave,rake,rave,safe,sale,same,save,bane,kale,dame,gale,jade,rate,cane","b,c,d,f,g,h,j,k,l,m,n,p,r,s,t,v,w,y,z",a,"c,d,f,g,k,l,m,n,p,s,t,v,z","hat/hate,mat/mate,tap/tape,mad/made,pan/pane,rat/rate,rag/rage,fat/fate,gap/gape,ban/bane",
FALSE,FALSE,FALSE,FALSE,FALSE,Simple Magic e,Contrast a_e /ay/ and a /ah/,a_e+a,a_e + /a/,"haze,lake,late,male,mane,maze,page,pave,rake,rave,safe,sale,same,save,bane,kale,dame,gale,jade,rate,cane,face,race,pace,lace","hate,mate,wade,tame,tape,fade,made,pane,rage,vane,bake,bale,bane,cage,cake,came,daze,date,fade,fame,fate,game,gate,rat,bag,bad,bass,dab,dad,Dan,fab,fad,fan,fat,fax,gab,gag,gap,gas,had,ham,hat,has,jab,jag,jam,jazz,lab,lag,lap,mad,man,map,mass,mat,max,nab,nag,nap,pad,Pam,pan,pass,pat,ram,ran,rap,rat,sad,sag,Sam,sat,tab,tag,tam,tan,tap,van,vat,wag,wax,zap","b,c,d,f,g,h,j,k,l,m,n,p,r,s,t,v,w,y,z",a,"c,d,f,g,k,l,m,n,p,s,t,v,z","can/cane,van/vane,lat/late,sam/same,gal/gale,man/mane,cam/came,bad/bade,fad/fade",
FALSE,FALSE,FALSE,FALSE,FALSE,Simple Magic e,i_e spelling of /igh/,i_e,i_e,"mine,mite,nice,nine,pike,pine,pipe,rice,ride,ripe,rise,side,site,size,tide,tile,time,tire,wide,wife,wine,wipe,wire,wise,bide,bile,dire,jive","mime,mire,rile,vile,vibe,vice,dike,hive,Mike,bike,bite,dice,dime,dine,dive,file,fine,fire,five,hide,hike,hire,kite,lice,life,lime,line,mice,mile","b,c,d,f,g,h,j,k,l,m,n,p,r,s,t,v,w,y,z","a,i","c,d,f,g,k,l,m,n,p,s,t,v,z","pin/pine,pip/pipe,rip/ripe,rid/ride,sit/site,Tim/time,win/wine,bid/bide",
FALSE,FALSE,FALSE,FALSE,FALSE,Simple Magic e,Contrast i_e /igh/ and i /ih/,i_e+i,i_e + /i/,"mime,mire,rile,vile,vibe,vice,dike,hive,Mike,bide,bike,bite,dice,dime,dine,dive,file,fine,fire,five,hide,hike,hire,kite,lice,life,lime,line,mice,mile,jive","mine,mite,nice,nine,pike,pine,pipe,rice,ride,ripe,rise,side,site,size,tide,tile,time,tire,wide,wife,wine,wipe,wire,wise,bile,dire,bib,big,bid,Bill,bin,bit,dib,did,dig,dill,din,dim,diss,dip,fib,fin,fig,fill,fit,fix,fizz,gig,gill,hid,hill,him,hip,his,hiss,hit,jib,jig,Jim,jip,kid,kit,kiss,lid,lip,mid,miff,miss,mitt,mix,nip,nit,pill,pin,pit,pig,rib,rid,riff,rig,rim,rip,sid,sill,sin,sip,sis,sit,six,tiff,Tim,till,tin,tip,wig,will,wit,wiz,yip,zig,zip,zit","b,c,d,f,g,h,j,k,l,m,n,p,r,s,t,v,w,y,z","a,i","b,c,d,f,g,k,l,m,n,p,r,s,t,v,z","sin/sine,dim/dime,kit/kite,bit/bite,din/dine,hid/hide,win/wine,rip/ripe",
FALSE,FALSE,FALSE,FALSE,FALSE,Simple Magic e,o_e spelling of /oh/,o_e,o_e,"bone,code,cone,come,dope,dose,doze,hole,home,hope,hose,joke,lobe,lope,mode,mole,mope,node,nope,nose,note,poke","pole,pose,robe,rode,role,rope,rose,tone,tote,vote,woke,yoke,zone,dole,dote,hone,hove,mote,pope,rote,rove,vole,wove,sole,coke,cove","b,c,d,f,g,h,j,k,l,m,n,p,r,s,t,v,w,y,z","a,i,o","b,c,d,f,g,k,l,m,n,p,r,s,t,v,z","cod/code,lob/lobe,mod/mode,mop/mope,nod/node,not/note,pop/pope,rod/rode,rot/rote,tot/tote,wok/woke",
FALSE,FALSE,FALSE,FALSE,FALSE,Simple Magic e,Contrast o_e /h/ and o /aw/,o_e+o,o_e + /o/,"pole,pope,pose,robe,rode,role,rope,rose,rote,rove,sole,sore,tone,tote,vole,vote,woke,wove,yoke,zone","bone,code,coke,cone,core,cove,dole,come,dope,dose,dote,doze,fore,gore,hole,home,hone,hope,hose,hove,joke,lobe,lope,lore,mode,mole,mope,more,mote,node,nope,nose,note,poke,Bob,bog,boss,bop,box,dog,doff,doll,don,dot,fob,fog,fop,fox,gob,God,got,hog,hop,hot,job,jog,jot,lob,log,lot,loss,mob,mod,mom,moss,mop,nod,non,not,pod,pop,pot,pox,rob,rod,Ron,rot,sob,sod,sop,tom,toss,top,tot","b,c,d,f,g,h,j,k,l,m,n,p,r,s,t,v,w,y,z","a,i,o","b,c,d,f,g,k,l,m,n,p,r,s,t,v,z","cod/code,lob/lobe,mod/mode,mop/mope,nod/node,not/note,pop/pope,rod/rode,rot/rote,tot/tote,wok/woke",
FALSE,FALSE,FALSE,FALSE,FALSE,Simple Magic e,u_e spelling of /ue/,u_e,u_e,"cube,cute,dude,duke,dune,dupe,fume,fuse,huge,jute,lube,luge,lute,mule,muse,mute,nuke,puke,rude,rule,tube,tune",,"b,c,d,f,g,h,j,k,l,m,n,p,r,s,t,v,w,y,z","a,i,o,u","b,c,d,f,g,k,l,m,n,p,r,s,t,v,z","cub/cube,cut/cute,dud/dude,dun/dune,hug/huge,jut/jute,lug/luge,tub/tube",
FALSE,FALSE,FALSE,FALSE,FALSE,Simple Magic e,Contrast u_e /ue/ and u /uh/,u_e+u,u_e + /u/,"nuke,puke,rude,rule,tube,tune,cube,cute,dude,duke,dune,dupe,fume,fuse,huge,jute,lube,luge,lute,mule,muse,mute","bud,buff,bug,bum,bun,but,butt,bus,buzz,dub,dud,duff,dug,dun,fun,fuzz,hub,huff,hull,hug,hut,hum,jug,jut,lug,mud,muff,mug,mum,muss,nub,nun,nut,pub,puff,pug,pun,putt,pup,pus,run,ruff,rug,rut,sub,sum,sun,sup,tub,tug,tut,tux","b,c,d,f,g,h,j,k,l,m,n,p,r,s,t,v,w,y,z","a,i,o,u","b,c,d,f,g,k,l,m,n,p,r,s,t,v,z","cub/cube,cut/cute,dud/dude,dun/dune,hug/huge,jut/jute,lug/luge,tub/tube",
TRUE,FALSE,FALSE,FALSE,FALSE,Simple Magic e,,?e_syllables,cvc + ?_e syllables,"reptile,mistake,cupcake,pancake,mandate,combine,bonfire,sunshine,divide,confuse,costume,tadpole,vampire,sunrise,nickname,pollute","inhale,unmade,inline,inside,escape,umpire,alone,remote,arrive,immune,divide,update",,,,"rep-tile/reptile,mis-take/mistake,cup-cake/cupcake,pan-cake/pancake,man-date/mandate,com-bine/combine,bon-fire/bonfire,cos-tume/costume,tad-pole/tadpole,vam-pire/vampire,sun-rise/sunrise","The vampire made a mistake. ,He got up at sunrise.,He can go inside to escape the sunshine.  "
FALSE,FALSE,FALSE,FALSE,FALSE,Consonant Clusters,Prefix Blend Warmup,blend_warmup,blend warmup,"bl,cl,fl,gl,pl,sc,sl,sm,sn,sp,st,sw,tw,spl",,"b,c,f,g,p,s,t","c,l,m,n,p,t,w",,"b-l/bl,c-l/cl,f-l/fl,g-l/gl,p-l/pl,s-c/sc,s-l/sl,s-m/sm,s-n/sn,s-p/sp,s-t/st,s-w/sw,t-w/tw",
FALSE,FALSE,FALSE,FALSE,FALSE,Consonant Clusters,"Prefix Clusters bl, cl, fl, ...",prefix_blends,prefix blends,"black,clap,flax,flat,glass,plan,stab,snap,span,click,flip,glad,quit,quiz,skin,skip,stick,spit,spill,swim,twin,fled,sled,stem,blog,flop,slot,smog,spot,stop,club,plus,stub,club,still","clam,clan,flab,flap,glam,scab,slab,slam,slap,swam,snag,spat,scat,blip,clip,flip,flit,glib,snip,slit,slip,slim,spin,split,swig,bled,fled,Greg,shed,glen,pled,swell,blob,blot,clog,clot,flog,plod,plop,plot,slog,smog,snob,snot,plug,plum,snug,smug,slum,scum,stud,snub","bl,cl,fl,gl,pl,sc,sk,sl,sm,sn,sp,st,sw,tw,spl","a,e,i,o,u","b,ck,d,g,ll,m,n,p,s,ss,t","lack/black,lap/clap,lad/glad,lass/glass,tab/stab,nap/snap,pan/span,lick/click,lip/flip,kin/skin,tick/stick,pit/spit,pill/spill,win/twin,led/fled,log/blog,lot/slot,pot/spot,top/stop",
FALSE,FALSE,FALSE,FALSE,FALSE,Consonant Clusters,Suffix Clusters,suffix_blends,suffix blends,"band,camp,fact,gasp,half,hand,lamp,land,mask,ramp,raft,task,belt,bent,desk,felt,help,melt,rent,sent,text,went,last,best,lost,fast,test,fist,just,disk,film,gift,milk,wind,bomb,fund,hulk,hunt,jump,numb,punt,tusk","bump,dump,damp,cask,calf,daft,gash,haft,jamb,lamb,lank,pant,pact,rasp,tact,belt,bend,deft,dent,fend,heft,kelp,kept,lent,meld,mend,pent,tend,vent,welk,wept,cast,mast,past,vast,jest,zest,gist,bust,dust,nest,pest,rest,west,gust,wist,bilk,dint,gilt,kiln,limb,lint,lisp,ritz,sift,tilt,vint,wimp,wisp,dolf,fond,font,bulk,bunt,cult,cusp,duct,dumb,gulf,muck,musk,puck,pulp,lump,rump,sump","b,c,d,f,g,h,j,k,l,m,n,p,r,s,t,v,w,y","a,e,i,o,u","ck,ct,ft,lf,lk,lp,mb,mp,nd,ng,nk,nt,pt,sh,sk,sp,st","ban/band,cam/camp,ram/ramp,ben/bent,win/wind,fun/fund,pun/punt,run/runt,bum/bump,sum/sump",
FALSE,FALSE,FALSE,FALSE,FALSE,Consonant Clusters,Suffix Clusters with s,blends_s,suffix blends + s,"bands,camps,facts,hands,lambs,masks,pants,tasks,bends,dents,desks,helps,melts,rents,vents,films,gifts,gives,gasps,tilts,docks,socks,bumps,dusts,gusts,hunts,jumps,punts,tusks,casts","casks,hacks,lamps,lands,masts,pacts,ramps,rafts,rasps,belts,debts,jests,melds,mends,nests,pests,rests,tests,texts,disks,fists,kilns,limbs,lisps,sifts,wimps,winds,wisps,bombs,fonts,hocks,jocks,mocks,romps,bucks,bulks,bunts,busts,busks,cults,ducks,ducts,dumps,funds,gulfs,hulks,humps,lucks,lumps,mucks,musks,numbs,pulps,rumps","b,c,d,f,g,h,j,k,l,m,n,p,r,s,t,v,w,y","a,e,i,o,u","cks,cts,fts,lfs,lks,lp,mbs,mps,nds,nts,pts,sks,sps,sts","camp/camps,lamp/lamps,raft/rafts,bomb/bombs,rest/rests,mend/mends,nest/nests,belt/belts,text/texts,fist/fists,wind/winds,land/lands","The king did sing a song.,Then he rang the gong.,DIng dong. DIng dong."
TRUE,FALSE,TRUE,FALSE,FALSE,Consonant Clusters,,ng,-ng,"bang,bing,bong,ding,dung,fang,gang,gong,hang,hung,king,long,mung,ping,pong,rang,ring,rung,sang,sing,song,sung,wing,zing",,"b,d,f,g,h,j,k,l,m,n,p,r,s,t,v,w,y","a,e,i,o,u",ng,"ring/ping/king,rung/sung/hung,rang/sang/tang,song/pong/gong,zing/wing/sing,fang/gang/bang","The king did sing a song.,Then he rang the gong.,DIng dong. DIng dong."
TRUE,FALSE,TRUE,FALSE,FALSE,Consonant Clusters,,nk,-nk,"bank,bonk,bunk,dank,dunk,fink,funk,hank,junk,link,mink,monk,pink,punk,rank,rink,sank,sink,sunk,tank,yank,ink",,"b,d,f,g,h,j,k,l,m,n,p,r,s,t,v,w,y","a,e,i,o,u",nk,"bank/sank/tank,rink/wink/pink,yank/thank/rank,sink/link/mink,bunk/dunk/funk,gunk/hunk/junk","Sam is a punk.,He put the pink piggy bank in the fish tank.,It sank and he cannot yank it back up."
FALSE,FALSE,FALSE,FALSE,FALSE,Consonant Clusters,"Suffix Digraphs ngs, nks",ngs+nks,-ngs + -nks,"bangs,dings,fangs,gangs,hangs,kings,rings,sings,songs,wings,banks,bonks,bunks,dunks,junks,links,monks,punks,ranks,rinks,sinks,tanks","yanks,bongs,pings,rungs,finks,minks","b,d,f,g,h,j,k,l,m,n,p,r,s,t,v,w,y","a,e,i,o,u","ngs,nks","rings/rungs,rinks/ranks,dings/dongs,bonks/bunks,monks/minks,bunks/banks,sings/songs",
FALSE,FALSE,FALSE,FALSE,FALSE,Consonant Clusters,"r-Controlled prefixes br, cr, fr, ...",r_control_pref,r-controlled prefixes,"brag,crab,crack,grab,track,trap,drip,strip,trip,press,shred,dress,crop,drop,broth,brush,drum,truck,trust,scrub,brat,bran,cram,drug,drag,drab,drat,gram,sprat,scrim,scruff,track,trash,crash","tram,brim,crib,frill,grip,grim,grin,prim,prick,trim,bred,fret,prep,trek,frock,grog,prod,prom,trot,crud,crush,grub,shrug ","b,br,d,dr,f,fr,g,gr,p,pr,sc,scr,sp,spr,st,str,sh,shr,t,tr","a,e,i,o,u","b,ck,d,ff,g,ll,m,n,p,ss,sh,t","rag/brag,rack/crack,rap/trap,rip/drip,rum/drum,rust/trust,ram/cram,rug/drug,rag/drag,rash/crash,rib/crib,rim/trim,red/bred",
FALSE,FALSE,TRUE,FALSE,FALSE,Consonant Clusters,Digraphs in Prefix,, digraph blends ,"quit,quick,quack,quill,quip,quad,smith,squad,that,then,thick,thrush,whack,whiz,chin,check,chop,chest,chat,chill,chip,chap,chick,chock,chuck,thin,thump,them,throb,thrill,shush,shrub,shrill","with,whim,whip,shrug,this,thin,with,shod,shot,shop,sham,shut,ship,shin,chum","ch,sh,th,wh,qu","a,e,i,o,u","b,ck,d,g,ll,m,n,p,sh,t,th,z","qu-it/quit,th-ick/thick,wh-iz/whiz,ch-in/chin,th-em/them,qu-ick/quick,th-at/that,wh-ack/whack,ch-ick/chick",
FALSE,FALSE,FALSE,FALSE,FALSE,Consonant Clusters,Prefix and suffix clusters,prefix+suffix,prefix + suffix blends,"blast,clasp,flash,grand,plant,snack,stamp,stand,splash,blunt,clump,plump,stump,stung,flint,slick,stick,splint,click,clock,stock,slept,spent,swept,tramp,crept,trust,brunch,trump,crumb,shrimp,quilt","grunt,bland,clash,gland,scalp,scamp,smack,stash,swath,blush,pluck,plumb,plush,slump,slush,stuck,blimp,flick,glint,glitz,block,flock,smock,cleft,smelt,speck,blend,tramp,sprint,crept,trend,frost,prompt,trust,trump,brunch,crumb,spritz,crest,Brent,front,frond,grunt,sloth,slosh,flush,crush,blush,plush","bl,br,cl,cr,dr,fl,fr,gl,gr,pr,sc,scr,shr,sk,sm,sn,spl,spr,st,str,tr,tw","a,e,i,o,u","ch,ck,ct,ft.lf,lk,lp,mb,mp,nd,ng,nk,nt,pt,sh,sk,sp,st","land/bland,runt/grunt,lash/flash,last/blast,lump/clump,lock/clock,wept/swept,rust/trust,rush/crush,limp/blimp",
TRUE,FALSE,FALSE,FALSE,FALSE,Consonant Clusters,,r_control_blend,r-controlled blends,"car,for,fir,her,dark,fork,word,fur,work,north,herd,firm,form,torn,darn,cart,part,harp,burn,hurt,turn,fern,star,spark,shark,stir,shirt,short,birth,dirt,girl,first,start,bird,march,card,church,third,skirt,swirl","bar,far,char,jar,mar,par,tar,war,nor,hark,lark,cork,dork,pork,lord,ford,forth,worth,perm,dorm,norm,mart,tart,carp,stark,stork,chart,hard,barn,arm,dart,art,worm,whirl,tarp,born,worn,bark,mark,park,per,yarn","b,c,d,f,g,h,j,l,m,n,p,s,st,t,w,y,ch,th","ar,er,ir,or,ur","d,k,l,m,n,p,st,t,th","car/card,her/herd,for/form,par/part,for/fork,bar/barn,far/farm,tar/tart,fir/firm","We have worked hard taking the dirt back and forth.,Can we go to the park before dark?,The car is parked far away.,It is in the barn at the farm."
FALSE,FALSE,FALSE,FALSE,FALSE,Consonant Clusters,"Silent Prefix Clusters kn-, gn-, wr- ...",kn+gn+wr,kn + gn + wr,"knot,knit,knack,knave,knee,knew,knight,knob,knock,know,gnat,gnaw,gnash,gnarl,gnome,gnu,wrack,wrap,wring,writ,wretch,wren,wrest,wrung",,"n,kn,gn,r,wr","a,e,i,o,u","ck,ct,ft,lf,lk,lp,mb,mp,nd,ng,nk,nt,pt,sh,sk,sp,st","not/knot,new/knew,night/knight,rack/wrack,ring/wring,rest/wrest,rung/wrung,rap/wrap",
FALSE,FALSE,FALSE,FALSE,FALSE,Harder Magic e,a_e spelling of /ay/ harder,a_e_harder,a_e harder,"brave,crate,craze,flame,frame,glade,glaze,grate,grave,graze,place,plane,plate,scale,scrape,blade,blame,brake,shale,stale,shade,shake,shame,slate,slave,snake,spade,stage,state,trade,whale","rate,cane,bane,hate,mate,wade,tame,tape,fade,made,pane,rage,vane,bake,bale,bane,cage,cake,came,dame,daze,date,fade,fame,fate,gale,game,gate,haze,jade,kale,lake,late,male,mane,maze,page,pave,rake,rave,safe,sale,same,save","bl,br,cl,cr,dr,fl,fr,gl,gr,pr,sc,scr,sk,sn,spl,spr,st,str,tr,tw",a,"b,c,d,f,g,k,l,m,n,p,s,t,v,z","ate/cr-ate/crate,ame/fl-ame/flame,ate/pl-ate/plate,ake/sh-ake/shake,age/st-age/stage,ale/wh-ale/whale,ace/pl-ace/place,ade/bl-ade/blade,ate/st-ate/state,ape/scr-ape/scrape",
FALSE,FALSE,FALSE,FALSE,FALSE,Harder Magic e,a_e spelling of /ay/ mixed,a_e_review,a_e review,"shale,stale,shade,shake,shame,slate,slave,snake,spade,stage,state,trade,whale,blade,blame,brake,brave,crate,craze,flame,frame,glade,glaze,grate,grave,graze,place,plane,plate,scale,scrape","rate,cane,bane,hate,mate,wade,tame,tape,fade,made,pane,rage,vane,bake,bale,bane,cage,cake,came,dame,daze,date,fade,fame,fate,gale,game,gate,haze,jade,kale,lake,late,male,mane,maze,page,pave,rake,rave,safe,sale,same,save,slat,shad,sham,slat,snack,stag,stat,glad,plan,scrap,brat,plat,trap,pram,gran,bat,bag,bad,bass,dab,dad,Dan,fab,fad,fan,fat,fax,gab,gag,gap,gas,had,ham,hat,has,jab,jag,jam,jazz,lab,lag,lap,mad,man,map,mass,mat,max,nab,nag,nap,pad,Pam,pan,pass,pat,ram,ran,rap,rat,sad,sag,Sam,sat,tab,tag,tam,tan,tap,van,vat,wag,wax,zap","b,bl,br,c,cl,cr,d,dr,f,fl,fr,g,gl,gr,h,j,k,l,m,n,p,pr,r,s,sc,scr,sk,sn,spl,spr,st,str,t,tr,tw,v,w,y,z",a,"b,c,d,f,g,k,l,m,n,p,r,s,t,v,x,z","plat/plate,slat/slate,stat/state,glad/glade,plan/plane,scrap/scrape,sham/shame,stag/stage",
FALSE,FALSE,FALSE,FALSE,FALSE,Harder Magic e,Contrast a_e and i_e,i_e_harder,i_e harder,"bribe,bride,chime,chive,drive,glide,gripe,pride,prize,shine,shire,shine,slice,slide,slime,smile,spice,spike,spine,spire,spite,stile,tribe,trike","twine,whine,white,write,shrine,sprite,stride,strife,strike,stripe,strive,thrive,brine,chide,smite,snide,snipe,tripe,trite,bide,bike,bile,bite,cite,dice,dike,dime,dine,dire,dive,file,fine,fire,five,hide,hike,hire,hive,jive,kite,lice,life,lime,line,mice,Mike,mile,mime,mine,mire,mite,nice,nine,pike,pine,pipe,rice,ride,rile,ripe,rise,side,site,size,tide,tile,time,tire,vibe,vice,vile,wide,wife,wine,wipe,wire,wise","b,bl,br,c,ch,cl,cr,d,dr,f,fl,fr,g,gl,h,j,l,m,n,p,ph,pr,r,s,sc,scr,sk,sn,spl,spr,st,str,t,tr,tw,v,w,y,z","a,i","b,c,d,f,g,k,l,m,n,p,r,s,t,v,x,z","ide/br-ide/bride,ipe/gr-ipe/gripe,ite/sp-ite/spite,ine/sp-ine/spine,ice/sp-ice/spice,ile/sm-ile/smile,ine/sh-ine/shine,ide/sl-ide/slide,ime/gr-ime/grime",
FALSE,FALSE,FALSE,FALSE,FALSE,Harder Magic e,a_e spelling of /ay/ mixed,i_e_mixed,i_e mixed,"twine,whine,white,write,shrine,sprite,stride,strife,strike,stripe,strive,thrive,brine,chide,smite,snide,snipe,tripe,trite  ","bribe,bride,chime,chive,drive,glide,gripe,pride,prize,shine,shire,shine,slice,slide,slime,smile,spice,spike,spine,spire,spite,stile,tribe,trike,snip,spit,spin,still,trick,trip,twin,win,wit,strip,big,bid,bin,bitdid,dig,dill,dim,diss,dip,fib,fin,fig,fill,fit,fix,fizz,gig,hid,hill,him,hip,his,hiss,hit,jig,kid,kit,kiss,lid,lip,mid,miff,miss,mitt,mix,nip,nit,pill,pin,pit,pig,rib,rid,riff,rig,rim,rip,sid,sill,sin,sip,sis,sit,six,till,tin,tip,wig,will,wit,wiz,yip,zig,zip,zit","b,bl,br,c,ch,cl,cr,d,dr,f,fl,fr,g,gl,h,j,l,m,n,p,ph,pr,r,s,sc,scr,sk,sn,spl,spr,st,str,t,tr,tw,v,w,y,z","a,i","b,c,d,f,g,k,l,m,n,p,r,s,t,v,x,z","twin/twine,writ/write,strip/stripe,slid/slide,trip/tripe,shin/shine,spit/spite,grip/gripe",
FALSE,FALSE,FALSE,FALSE,FALSE,Harder Magic e,"Contrast a, a_e and i, i_e",i_e_review,i_e review,"bribe,bride,chime,chive,drive,glide,gripe,pride,prize,shine,shire,shine,slice,slide,slime,smile,spice,spike,spine,spire,spite,stile,tribe,trike,twine,whine,white,write,shrine,sprite,stride,strife,strike,stripe,strive,thrive,brine,chide,smite,snide,snipe,tripe,trite","shale,stale,shade,shake,shame,slate,slave,snake,spade,stage,state,trade,whale,blade,blame,brake,brave,crate,craze,flame,frame,glade,glaze,grate,grave,graze,place,plane,plate,scale,scrape","b,bl,br,c,ch,cl,cr,d,dr,f,fl,fr,g,gl,h,j,l,m,n,p,ph,pr,r,s,sc,scr,sk,sn,spl,spr,st,str,t,tr,tw,v,w,y,z","a,i","b,c,d,f,g,k,l,m,n,p,r,s,t,v,x,z","kite/Kate,Mike/make,wide/wade,pine/pane,five/fave,lime/lame,pile/pale",
FALSE,FALSE,FALSE,FALSE,FALSE,Harder Magic e,o_e spelling of /oh/ harder,o_e_harder,o_e harder,"broke,choke,chose,clone,close,clove,crone,drone,drove,froze,glove,phone,probe,prone,scone,scope,shone,slope,smoke,stole,stone,shole,wrote,chrome,throne,stroke,strode,strobe","bone,code,coke,cone,cove,dole,come,dope,dose,dote,doze,hole,home,hone,hope,hose,hove,joke,lobe,lope,mode,mole,mope,mote,node,nope,nose,note,poke,pole,pope,pose,robe,rode,role,rope,rose,rote,rove,sole,sore,tone,tote,vole,vote,woke,wove,yoke,zone","b,bl,br,c,ch,cl,cr,d,dr,f,fl,fr,g,gl,h,j,l,m,n,p,ph,pr,r,s,sc,scr,sk,sn,spl,spr,st,str,t,tr,tw,v,w,y,z","a,i,o","b,c,d,f,g,k,l,m,n,p,r,s,t,v,x,z","oke/br-oke/broke,ose/cl-ose/close,ove/dr-ove/drove,oze/fr-oze/froze,ope/sc-ope/scope,oke/sm-oke/smoke,ose/ch-ose/chose",
FALSE,FALSE,FALSE,FALSE,FALSE,Harder Magic e,o_e spelling of /oh/ mixed,o_e_mixed,o_e mixed,"broke,choke,chose,clone,close,clove,crone,drone,drove,froze,glove,phone,probe,prone,scone,scope,shone,slope,smoke,stole,stone,shole,wrote,chrome,throne,stroke,strode,strobe","slop,clop,frog,clog,plot,slot,prom,clot,blog,trot,boss,bop,box,dog,doff,doll,don,dot,fob,fog,fop,fox,gob,God,got,hog,hop,hot,job,jog,jot,lob,log,lot,loss,mob,mod,mom,moss,mop,nod,non,not,pod,pop,pot,pox,rob,rod,Ron,rot,sob,sod,sop,tom,toss,top,tot","b,bl,br,c,ch,cl,cr,d,dr,f,fl,fr,g,gl,h,j,l,m,n,p,ph,pr,r,s,sc,scr,sk,sn,spl,spr,st,str,t,tr,tw,v,w,y,z","a,i,o","b,c,d,f,g,k,l,m,n,p,r,s,t,v,x,z","oke/str-oke/stroke,ome/chr-ome/chrome,ote/wr-ote/wrote,ove/dr-ove/drove,ope/sl-ope/slope,ole/st-ole/stole,ode/str-ode/strode",
FALSE,FALSE,FALSE,FALSE,FALSE,Harder Magic e,"Contrast a, a_e, i, i_e, and o, o_e",o_e_review,o_e review,"broke,choke,chose,clone,close,clove,crone,drone,drove,froze,glove,phone,probe,prone,scone,scope,shone,slope,smoke,stole,stone,shole,wrote,chrome,throne,stroke,strode,strobe","brave,crate,craze,flame,frame,glade,glaze,grate,grave,graze,place,plane,plate,scale,scrape,blade,blame,brake,shale,stale,shade,shake,shame,slate,slave,snake,spade,stage,state,trade,whale,broke,choke,chose,clone,close,clove,crone,drone,drove,froze,glove,phone,probe,prone,scone,scope,shone,slope,smoke,stole,stone,shole,wrote,chrome,throne,stroke,strode,strobe,bribe,bride,brine,chide,chime,chive,drive,glide,gripe,pride,prize,shine,shire,shine,slice,slide,slime,smile,smite,snide,snipe,spice,spike,spine,spire,spite,stile,tribe,trike,tripe,trite,twine,whine,white,write,shrine,sprite,stride,strife,strike,stripe,strive,thrive","b,bl,br,c,ch,cl,cr,d,dr,f,fl,fr,g,gl,h,j,l,m,n,p,ph,pr,r,s,sc,scr,sk,sn,spl,spr,st,str,t,tr,tw,v,w,y,z","a,i,o","b,c,d,f,g,k,l,m,n,p,r,s,t,v,x,z","oke/ike/ake,ove/ive/ave,one/ine/ane,ole/ile/ale,ome/ime/ame,ope/ipe/ape,ode/ide/ade",
FALSE,FALSE,FALSE,FALSE,FALSE,Harder Magic e,"Contrast i_e, i, u_e, and u",u_e_mixed,u_e mixed,"brute,chute,crude,fluke,flute,plume,prude,prune,truce,cube,cure,cute,dude,duke,dune,dupe,fume,fuse,huge,jute,lube,luge,lure,lute,mule,muse,mute,nuke,puke,pure,rude,rule,sure,tube,tune","shut,plum,truck,cub,cut,duck,bud,buff,bug,bum,bun,but,butt,bus,buzz,dub,dud,duff,dug,dun,fun,fuzz,hub,huff,hull,hug,hut,hum,jug,jut,lug,mud,muff,mug,mum,muss,nub,nun,nut,pub,puff,pug,pun,putt,pup,pus,run,ruff,rug,rut,sub,sum,sun,sup,tub,tug,tut,tux","b,bl,br,c,ch,cl,cr,d,dr,f,fl,fr,g,gl,h,j,l,m,n,p,ph,pr,r,s,sc,scr,sk,sn,spl,spr,st,str,t,tr,tw,v,w,y,z","a,i,o,u","b,c,d,f,g,k,l,m,n,p,r,s,t,v,x,z","uke/fl-uke/fluke,ute/fl-ute/flute,une/pr-une/prune,ume/pl-ume/plume,ude/cr-ude/crude,ute/ch-ute/chute,ute/br-ute/brute,uce/tr-uce/truce",
FALSE,FALSE,FALSE,FALSE,FALSE,Harder Magic e,Contrast i_e and u_e,u_e_review,u_e review,"brute,chute,crude,fluke,flute,plume,prude,prune,truce,cube,cure,cute,dude,duke,dune,dupe,fume,fuse,huge,jute,lube,luge,lure,lute,mule,muse,mute,nuke,puke,pure,rude,rule,tube,tune","bribe,bride,brine,chide,chime,chive,drive,glide,gripe,pride,prize,shine,shire,shine,slice,slide,slime,smile,smite,snide,snipe,spice,spike,spine,spire,spite,stile,tribe,trike,tripe,trite,twine,whine,white,write,shrine,sprite,stride,strife,strike,stripe,strive,thrive,broke,choke,chore,chose,clone,close,clove,crone,drone,drove,froze,glove,grope,phone,probe,prone,scone,scope,score,shone,shore,slope,smoke,stole,stone,store,swore,shole,wrote,chrome,throne,stroke,strode,strobe,blade,blame,brake,brave,crate,craze,flame,frame,glade,glaze,grate,grave,graze,place,plane,plate,scale,scrape,shale,stale,shade,shake,shame,slate,slave,snake,spade,stage,state,trade,whale","b,bl,br,c,ch,cl,cr,d,dr,f,fl,fr,g,gl,h,j,l,m,n,p,ph,pr,r,s,sc,scr,sk,sn,spl,spr,st,str,t,tr,tw,v,w,y,z","a,i,o,u","b,c,d,f,g,k,l,m,n,p,r,s,t,v,x,z","ute/ote/ite/ate,ude/ode/ide/ade,uke/oke/ike/ake,ume/ome/ime/ame,une/one/ine/ane,ube/obe/ibe/abe,upe/ope/ipe/ape,ule/ole/ile/ale",
FALSE,FALSE,FALSE,FALSE,FALSE,Harder Magic e,Contrast e_e /ee/ and e /eh/,e_e+eh,e_e + /eh/,"cede,gene,mete,grebe,plebe,scene,swede,theme,these,scheme","bed,bell,Ben,Bess,bet,beg,den,fed,fen,fez,gem,gel,hen,hex,jet,led,leg,let,less,Meg,men,met,mess,Ned,net,pen,peg,pet,set,sell,ten,Tess,tell,vet,web,wed,well,wet,bribe,bride,brine,chide,chime,chive,drive,glide,gripe,pride,prize,shine,shire,shine,slice,slide,slime,smile,smite,snide,snipe,spice,spike,spine,spire,spite,stile,tribe,trike,tripe,trite,twine,whine,white,write,shrine,sprite,stride,strife,strike,stripe,strive,thrive,broke,choke,chore,chose,clone,close,clove,crone,drone,drove,froze,glove,grope,phone,probe,prone,scone,scope,score,shone,shore,slope,smoke,stole,stone,store,swore,shole,wrote,chrome,throne,stroke,strode,strobe,blade,blame,brake,brave,crate,craze,flame,frame,glade,glaze,grate,grave,graze,place,plane,plate,scale,scrape,shale,stale,shade,shake,shame,slate,slave,snake,spade,stage,state,trade,whale","c,g,m,p,pl,s,sc,sw,sch,th",e,"b,d,m,n,s,t","ebe/gr-ebe/grebe,ene/g-ene/gene,ebe/pl-ebe/plebe,ene/sc-ene/scene,ede/sw-ede/swede,eme/th-eme/theme,ese/th-ese/these,eme/sch-eme/scheme",
TRUE,FALSE,FALSE,FALSE,FALSE,Harder Magic e,,,r-controlled ?_e,"bare,care,dare,fare,hare,mare,rare,core,more,pore,sore,tore,wore,fire,hire,tire,wire,here,were,cure,pure,sure,store,shore,score,chore,snore,spire,share,scare,flare,sware,stare,glare,there,where","bore,gore,lore,fore,yore,dire,mire,mere,swore,spore,snare,spare,shire,lure","b,c,d,fl,g,gl,h,j,l,m,p,r,s,sc,sh,sn,st,t,th,w,y","ar,er,ir,or,ur",e,"bare/care/dare,hare/mare/rare,core/more/chore,tore/sore/bore,pure/cure/sure,hire/fire/tire,store/score/snore","She will stare and glare at you if you do not share the candy you got at the store.,The flare will start a forest fire over there.,The fire will scare the hare and the mare for sure."
FALSE,FALSE,FALSE,FALSE,FALSE,Blend Wrap-up,"Digraphs (dge,nge)",dge+nge,dge + nge,"badge,budge,bridge,binge,dodge,drudge,dredge,edge,fridge,fudge,fringe,grudge,hedge,hinge,judge,lodge,ledge,lunge,Midge,pudge,pledge,plunge,sludge,range,trudge,wedge",,"b,d,dr,f,fr,g,gr,h,j,l,m,p,pl,s,sl,r,tr,w","a,e,i,o,u","dge,nge","udge/pudge/judge,edge/ledge/hedge,udge/trudge/drudge,idge/fridge/bridge,inge/hinge/binge,odge/dodge/lodge,udge/pudge/budge",
FALSE,FALSE,TRUE,FALSE,FALSE,Blend Wrap-up,Digraphs nce,nce,nce + nse,"dance,dunce,fence,hence,mince,pence,since,vince,wince,chance,glance,prance,trance,stance,quince,prince,sense,tense,dense,sconce,rinse",,"ch,d,f,gl,h,m,p,pr,qu,s,st,t,tr,v,w","a,e,i,o,u",nce,"prince/prance,dunce/dance,wince/wence,since/sense,Vince/Vance,hence/hince,sense/since",
TRUE,FALSE,FALSE,FALSE,FALSE,Blend Wrap-up,,er_est_blends,-er and -est for blends,"long,longer,longest,short,shorter,shortest,thick,thicker,thickest,thin,thinner,thinnest,brave,braver,bravest,close,closer,closest,rude,ruder,rudest,tame,tamer,tamest,cute,cuter,cutest,safe,safer,safest,",,,,,"long/longer/longest,short/shorter/shortest,thick/thicker/thickest,thin/thinner/thinnest,close/closer/closest/far/farther/farthest,safer/safer/safest,cute/cuter/cutest","That rabbit is the tamest, cutest,  and safest pet I have. Hiis fur is thicker and longer than my dog's fur.  My rabbit needs to be braver to get closer to my dog."
TRUE,FALSE,FALSE,FALSE,FALSE,Blend Wrap-up,,ed_ing_blends,-ed and -ing for blends,"camped,camping,landed,landing,jumped,jumping,hunted,hunting,fished,fishing,helped,helping,rented,renting,texted,texting,lasted,lasting,tested,testing,filmed,filming,dusted,dusting,nested,nesting,brushed,brushing","banked,banking,ranked,ranking,gasped,gasping,masked,masking,rafted,rafting,milked,milking,funded,funding,rested,resting,busted,busting",,,,"camp/camped/camping,land/landed/landing,jump/jumped/jumping,hunt/hunted/hunting,help/helped/helping,last/lasted/lasting,test/tested/testing,film/filmed/filming,rent/rented,renting",Jim rented a cabin. He texted Matt and asked him to go hunting and camping with him. He will be resting and fishing too.
TRUE,FALSE,TRUE,FALSE,FALSE,Blend Wrap-up,Suffix -ed and -ing,ed+ing_?e,-ed + -ing for magic e,"baked,baking,cared,caring,chased,chasing,dared,daring,dined,dining,hiked,hiking,hoped,hoping,lived,living,loved,loving,raced,racing,raged,raging,traded,trading,used,using,shared,sharing","sensed,sensing,blamed,blaming,tubed,tubing,closed,closing,smiled,smiling,biked,biking,placed,placing,joked,joking",,,,"bake/baked/baking,care/cared/caring,hike/hiked/hiking,race/raced/racing,love/loved,loving,use/used/using,live/lived/living,bike/biked/biking,joke/joked/joking",I loved racing cars and riding bikes when I lived in Texas. I hiked and camped too. I am hoping we can go tubing on the sledding hill now that I live  where it is colder.
TRUE,FALSE,FALSE,FALSE,TRUE,Blend Wrap-up,,le,-le,"bottle,riddle,paddle,huddle,dazzle,muddle,puddle,topple,apple,pickle,juggle,jumble,turtle,candle,tickle,jungle,marble,triple,purple","fumble,ripple,tumble,humble,gamble,puzzle,gentle,cattle,saddle,uncle,rattle,rubble,buckle,kettle,giggle,fiddle,pebble",,,,"candle/handle,tumble/humble,puzzle/guzzle,rubble/bubble,huddle/puddle,settle/kettle,saddle/paddle,pickle/tickle,giggle/wiggle","Mom will tickle the little boy. Then they will giggle, do a puzzle, and blow bubbles. Then mom will have an apple and the boy will drink a bottle."
FALSE,FALSE,FALSE,FALSE,FALSE,Blend Wrap-up,Contractions,contractions,Contractions,"can't,aren't,don't,doesn't,didn't,haven't,hasn't,isn't,couldn't,wasn't,why'd,I'll,you'll,he'll,she'll,I'd,you'd,here's,how's,it's,that's,there's,what's,when's,where's,why's,who's,I've,you've,I'm,you're,he's,she's,we're,they're,let's,won't","shouldn't,wouldn't,we've,they've,could've,how'd,they'll,who'll,it'll,would've,we'll,should've,weren't,who'd,he'd,she'd,they'd",,,,"can not/can't,are not/aren't,do not/don't,did not/didn't,have not/haven't,has not/hasn't,is not/isn't,could not/couldn't,should not/shouldn't,was not/wasn't,were not/weren't,how did/how'd,who did/who'd,why did/why'd,I will/I'll,it is/it's,you have/you've,she is/she's,he is/he's",
TRUE,FALSE,FALSE,FALSE,TRUE,Word Play,,,Prefixes,"de,dis,en,em,in,im,mid,mis,non,pre,re,sub,un,con",de/defend,,,," intake/mistake/retake,distance/instance/substance,premade/remade/unmade,imprint/misprint/reprint,instruct/destruct/construct,preterm/midterm/misterm,inject/subject/reject,undone/redone/misdone,mistrust/entrust/distrust,insist/resist/consist,defer/infer/refer",I made a mistake so I retook the midterm exam. There was a misprint in the subtest instructions. They will be rewrtiten and reprinted before I retake it.
TRUE,FALSE,FALSE,FALSE,TRUE,Word Play,,,Suffixes,"able,ible,al,ed,en,ful,ic,ion,tion,ive,less,ment,ness,ly,ous,es",,,,,,
TRUE,FALSE,FALSE,FALSE,TRUE,Word Play,,,Matrix - act,,,,,,,
TRUE,,FALSE,FALSE,TRUE,Word Play,,,Matrix - form,,,,,,,
TRUE,FALSE,FALSE,FALSE,TRUE,Word Play,,,Matrix - rupt,,,,,,,
TRUE,FALSE,FALSE,FALSE,TRUE,Word Play,,,Matrix - struct,,,,,,,
FALSE,FALSE,TRUE,FALSE,FALSE,Phonics,oh,oh,/oh/,"most,host,post,toast,bow,low,slow,snow,toe,foe,Joe,doe,know,row,sow,tow,blown,flown,moat,cloak,coach,roach,roam,throat,coat,float,bloat,boast,coast,hoax,goat,loan,loaf,boat,road,roast,foam,soap,mow",,,,,"slow/snow,toe/doe,blown/flown,goat/boat,foam/roam,moan/loan,most/post,float/bloat,row/low",
FALSE,FALSE,TRUE,FALSE,FALSE,Phonics,ow,ow,/ow/,"howl,cow,how,now,wow,chow,fowl,crown,down,town,crowd,owl,jowl,prowl,town,out,loud,cloud,proud,round,grout,foul,brown,found,loud,count,pout,shout",,,,,"cow/now,down/town,proud/cloud,found/hound,howl/jowl,round/found,pout/shout,round/pound",
FALSE,FALSE,TRUE,FALSE,FALSE,Phonics,oy,oy,/oy/,"boy,toy,soy,coy,joy,ploy,royal,alloy,loyal,enjoy,oil,boil,coil,foil,broil,foist,void,oink,roil,soil,toil,point,joint",,,,,"boy/toy,royal/loyal,oil/coil,soil/toil,point/joint,soy/joy,foil,roil",
FALSE,TRUE,TRUE,FALSE,FALSE,Phonics,Contrast oy oh ow,oy+oh+ow,/oy/ + /oh/ + /ow/,"low,glow,grow,crow,know,slow,row,show,own,snow,know,though,toe,out,loud,proud,round,couch,house,mouth,down,town,crowd,foul,count,foil,broil,foist,void,point,joy,toy,oil,boil,soil",,,,,"grow/grout,coach/cow,mow/mouth,hose/house,low/loud,snow/snout,tow/town,row/round,though/thought,",
FALSE,FALSE,TRUE,FALSE,FALSE,Phonics,Long oo,long_oo,Long /oo/,"roof,tooth,fool,room,shoot,zoo,blue,glue,clue,screw,crew,drew,brew,juice,cruise,suit,lose,move,whose,Tuesday,flute,prune,chute,cute,flew,stew,broom,cool,bruise,moon","grew,noon,pool,scoop,loop,smooth,through,truth,soup,do,group,two,you,who,true,school,loose,food,rooster",,,,"blue/glue,crew/brew,flew/slew,room/broom,crew/screw,lose/whose,flute/chute,fool/cool,cruise/bruise,soup/group,moon/noon,scoop/loop",
FALSE,FALSE,TRUE,FALSE,FALSE,Phonics,Short oo,short_oo,Short /oo/,"book,put,could,would,should,cook,brook,shook,hook,good,hood,cookie,hoof,stood,took,look,wood,foot,woof,soot,nook,rook,soot,bush,push,bully,bull",,,,,"could/would,cook/book,hood/good,took/look,brook/shook,woof/hoof,stood/wood,bush/push",
FALSE,TRUE,TRUE,FALSE,FALSE,Phonics,Contrast oo,contrast_oo,Contrast /oo/,"brook,nook,rook,wool,soot,stood,bull,bush,pull,bully,bull,put,grew,flew,moon,noon,pool,scoop,zoo,smooth,through,truth,soup,do,group,two,you,who,true,school,loose,food,rooster,shoe",,,,,"roof/rook,tooth/took,bruise/brook,cruise/crook,lose/look,noon/nook,shoe/shook",
FALSE,FALSE,TRUE,FALSE,FALSE,Phonics,aw,aw,/aw/,"dog,bop,brawl,crawl,claw,draw,fawn,gnaw,jaw,law,lawn,paw,pawn,saw,stalk,walk,thaw,yawn,ball,call,wall,small,sauce,August,stalk,talk,walk,chalk,fault,salt,also,almost,always,caught,ought,broad,awe",,,,,"jaw/law,lawn/pawn,claw/slaw,talk/walk,salt/malt,thaw/gnaw,brawl/crawl,fought/ought",
FALSE,FALSE,TRUE,FALSE,FALSE,Phonics,ay,ay,/ay/,"day,say,clay,play,spray,tray,pray,way,mail,tail,brain,paid,chain,rain,train,paint,stain,wait,gain,drain,sail,sprain,trail,plain,quail,eight,sleigh,neighbor,weight,angel,apron,basic,fatal,data,table,paper,break,steak,great,prey,they,grey,straight,veil,rein,fail",,,,,"day/say,clay/play,spray/tray,brain/train,paint/saint,drain/sprain,paid/laid,sail/fail",
FALSE,FALSE,TRUE,FALSE,FALSE,Phonics,air,air,/air/,"care,bare,fare,fair,flair,lair,pair,hair,air,chair,stair,dairy,fairy,impair,repair,where,there,tear,bear,pear,wear,swear,their",,,,,"bare/care,fair/pair,hair/lair,pear/wear,tear/bear,dairy/fairy,where/there,stair/chair",
FALSE,FALSE,TRUE,FALSE,FALSE,Phonics,"ee (ee, -e)",ee_ee_e,"/ee/ (ee, -e)","green,seed,queen,free,tree,eel,feet,bee,beet,beef,feel,peel,peek,sheep,creek,cheek,deep,feed,meet,keep,sleep,sheet,street,sweet,teeth,teen,three,wheel,week,bleed,me,she,we,be,he,freed",,,,,"free/tree,feet/meet,feel/peel,peek/cheek,seen/seen,me/we,be/he,freed/breed",
FALSE,FALSE,TRUE,FALSE,FALSE,Phonics,ee (ea),ee_ea,/ee/ (ea),"least,treat,eat,mean,scream,weak,beach,feast,meat,flea,neat,seal,cheat,heal,peach,seat,clean,jeans,speak,cream,leaf,reach,teach,dream,lean,read,each,reach",,,,,"mean/lean,meat/neat,seal/heal,reach/teach,least/feast,seat/heat,dream/cream",
FALSE,FALSE,TRUE,FALSE,FALSE,Phonics,eh (ea),eh_ea,/eh/ (ea),"bread,head,spread,health,stead,heaven,stealth,breath,instead,sweat,dead,lead,thread,leapt,threat,tread,deaf,meant,wealth,death,read,weapon",,,,,"bread/dread,head/lead,wealth/health,tread/dead,death/breath,sweat/threat,stealth/wealth",
FALSE,FALSE,TRUE,FALSE,FALSE,Phonics,"ee (y, ey, ie)",ee_y_ey_ie,"/ee/ (y, ey, ie)","baby,study,rusty,lady,candy,skinny,lucky,study,hungry,party,ugly,easy,windy,creepy,key,monkey,chimney,hockey,honey,valley,donkey,money,jockey,cookie,baggie,genie",,,,,"monk/monkey,cook/cookie,jock/jockey,bag/baggie,rust/rusty,skin/skinny,luck/lucky,creep/creepy",
FALSE,FALSE,TRUE,FALSE,FALSE,Phonics,"ee (ie, ei)",ee_ie_ei,"/ee/ (ie, ei)","believe,belief,chief,frieze,piece,shield,brie,field,grief,siege,brief,fiend,niece,thief,ceiling,protein,receipt,receive,either,seize,relief",,,,,"believe/receive,chief/brief,field/shield,receipt/receive,piece/niece,belief/relief,seize/freize",
FALSE,FALSE,TRUE,FALSE,FALSE,Phonics,igh,igh,/igh/,"bribe,life,stripe,shine,write,hide,kite,crime,quite,high,sigh,bright,fight,flight,might,delight,night,tight,right,by,my,cry,dry,fly,spy,why,deny,reply,July,apply,cycle,rhyme,python,die,lie,pie,fries,replies,spies",,,,,"pie/die,might/night,flight/plight,cry/dry,deny/reply,fries/cries,high/sigh,fight/sight",